ä¢í¨,6:06,6:26,6:48,6:56,7:06,7:16,7:26,7:36,7:46,7:56,8:06,8:16,8:26,8:46,9:06,9:26,9:46,10:06,10:26,10:46,11:06,11:26,11:46,12:06,12:26,12:46,13:06,13:26,13:46,14:06,14:26,14:46,15:06,15:26,15:46,16:06,16:26,16:46,17:06,17:26,17:46,17:56,18:06,18:16,18:26,18:46,19:06,19:26,19:46,20:06,20:26,20:46,21:16,21:46,22:16,22:46,23:20,0:10
ç°ã¥,6:09,6:29,6:50,6:59,7:09,7:19,7:29,7:39,7:49,7:59,8:09,8:19,8:29,8:49,9:09,9:29,9:49,10:09,10:29,10:49,11:09,11:29,11:49,12:09,12:29,12:49,13:09,13:29,13:49,14:09,14:29,14:49,15:09,15:29,15:49,16:09,16:29,16:49,17:09,17:29,17:49,17:59,18:09,18:19,18:29,18:49,19:09,19:29,19:49,20:09,20:29,20:49,21:19,21:49,22:19,22:49,23:22,0:12
èºìáìÒíöñ⁄,6:10,6:30,6:52,7:01,7:11,7:21,7:31,7:41,7:51,8:01,8:11,8:21,8:31,8:51,9:11,9:31,9:51,10:11,10:31,10:51,11:11,11:31,11:51,12:11,12:31,12:51,13:11,13:31,13:51,14:11,14:31,14:51,15:11,15:31,15:51,16:11,16:31,16:51,17:11,17:31,17:51,18:01,18:11,18:21,18:31,18:51,19:11,19:31,19:51,20:11,20:31,20:51,21:21,21:51,22:21,22:51,23:24,0:14
â´èºìá,6:13,6:33,6:54,7:03,7:13,7:23,7:33,7:43,7:53,8:03,8:13,8:23,8:33,8:53,9:13,9:33,9:53,10:13,10:33,10:53,11:13,11:33,11:53,12:13,12:33,12:53,13:13,13:33,13:53,14:13,14:33,14:53,15:13,15:33,15:53,16:13,16:33,16:53,17:13,17:33,17:53,18:03,18:13,18:23,18:33,18:53,19:13,19:33,19:53,20:13,20:33,20:53,21:23,21:53,22:23,22:53,23:26,0:16
ètì˙êÏ,6:15,6:35,6:57,7:06,7:16,7:26,7:36,7:46,7:56,8:06,8:16,8:26,8:36,8:56,9:16,9:36,9:56,10:16,10:36,10:56,11:16,11:36,11:56,12:16,12:36,12:56,13:16,13:36,13:56,14:16,14:36,14:56,15:16,15:36,15:56,16:16,16:36,16:56,17:16,17:36,17:56,18:06,18:16,18:26,18:36,18:56,19:16,19:36,19:56,20:16,20:36,20:56,21:26,21:56,22:26,22:56,23:29,0:18
äÉå≥,6:18,6:38,6:59,7:08,7:18,7:28,7:38,7:48,7:58,8:08,8:18,8:28,8:38,8:58,9:18,9:38,9:58,10:18,10:38,10:58,11:18,11:38,11:58,12:18,12:38,12:58,13:18,13:38,13:58,14:18,14:38,14:58,15:18,15:38,15:58,16:18,16:38,16:58,17:18,17:38,17:58,18:08,18:18,18:28,18:38,18:58,19:18,19:38,19:58,20:18,20:38,20:58,21:28,21:58,22:28,22:58,23:31,0:21
ã’ìdâÆìá,6:20,6:41,7:01,7:11,7:21,7:31,7:41,7:51,8:01,8:11,8:21,8:31,8:41,9:01,9:21,9:41,10:01,10:21,10:41,11:01,11:21,11:41,12:01,12:21,12:41,13:01,13:21,13:41,14:01,14:21,14:41,15:01,15:21,15:41,16:01,16:21,16:41,17:01,17:21,17:41,18:01,18:11,18:21,18:31,18:41,19:01,19:21,19:41,20:01,20:21,20:41,21:01,21:31,22:01,22:31,23:01,23:33,0:23
å√çÇèº,6:21,6:43,7:03,7:13,7:23,7:33,7:43,7:53,8:03,8:13,8:23,8:33,8:43,9:03,9:23,9:43,10:03,10:23,10:43,11:03,11:23,11:43,12:03,12:23,12:43,13:03,13:23,13:43,14:03,14:23,14:43,15:03,15:23,15:43,16:03,16:23,16:43,17:03,17:23,17:43,18:03,18:13,18:23,18:33,18:43,19:03,19:23,19:43,20:03,20:23,20:43,21:03,21:33,22:03,22:33,23:03,23:35,0:25
î™åI,6:25,6:45,7:05,7:15,7:25,7:35,7:45,7:55,8:05,8:15,8:25,8:35,8:45,9:05,9:25,9:45,10:05,10:25,10:45,11:05,11:25,11:45,12:05,12:25,12:45,13:05,13:25,13:45,14:05,14:25,14:45,15:05,15:25,15:45,16:05,16:25,16:45,17:05,17:25,17:45,18:05,18:15,18:25,18:35,18:45,19:05,19:25,19:45,20:05,20:25,20:45,21:05,21:35,22:05,22:35,23:05,23:38,0:27
òZñúéõ,6:27,6:48,7:08,7:18,7:28,7:38,7:48,7:58,8:08,8:18,8:28,8:38,8:48,9:08,9:28,9:48,10:08,10:28,10:48,11:08,11:28,11:48,12:08,12:28,12:48,13:08,13:28,13:48,14:08,14:28,14:48,15:08,15:28,15:48,16:08,16:28,16:48,17:08,17:28,17:48,18:08,18:18,18:28,18:38,18:48,19:08,19:28,19:48,20:08,20:28,20:48,21:08,21:38,22:08,22:38,23:07,23:40,0:30
ëÂí¨,6:29,6:50,7:10,7:19,7:30,7:39,7:50,7:59,8:10,8:19,8:30,8:39,8:50,9:10,9:30,9:50,10:10,10:30,10:50,11:10,11:30,11:50,12:10,12:30,12:50,13:10,13:30,13:50,14:10,14:30,14:50,15:10,15:30,15:50,16:10,16:30,16:50,17:10,17:30,17:50,18:10,18:19,18:30,18:39,18:50,19:10,19:30,19:50,20:10,20:30,20:50,21:10,21:40,22:10,22:30,23:10,23:42,0:32
î™åIêVìπ,6:31,6:51,7:11,,7:31,,7:51,,8:11,,8:31,,8:51,9:11,9:31,9:51,10:11,10:31,10:51,11:11,11:31,11:51,12:11,12:31,12:51,13:11,13:31,13:51,14:11,14:31,14:51,15:11,15:31,15:51,16:11,16:31,16:51,17:11,17:31,17:51,18:11,,18:31,,18:51,19:11,19:31,19:51,20:11,20:31,20:51,21:11,21:41,22:11,22:41,23:11,23:44,0:33
âñâÆ,6:32,6:53,7:13,,7:33,,7:53,,8:13,,8:33,,8:53,9:13,9:33,9:53,10:13,10:33,10:53,11:13,11:33,11:53,12:13,12:33,12:53,13:13,13:33,13:53,14:13,14:33,14:53,15:13,15:33,15:53,16:13,16:33,16:53,17:13,17:33,17:53,18:13,,18:33,,18:53,19:13,19:33,19:53,20:13,20:33,20:53,21:13,21:43,22:13,22:43,23:13,23:45,0:35
ñ[ëO,6:35,6:55,7:15,,7:35,,7:55,,8:15,,8:35,,8:55,9:15,9:35,9:55,10:15,10:35,10:55,11:15,11:35,11:55,12:15,12:35,12:55,13:15,13:35,13:55,14:15,14:35,14:55,15:15,15:35,15:55,16:15,16:35,16:55,17:15,17:35,17:55,18:15,,18:35,,18:55,19:15,19:35,19:55,20:15,20:35,20:55,21:15,21:45,22:15,22:45,23:15,23:47,0:37
å¥,6:36,6:57,7:17,,7:37,,7:57,,8:17,,8:37,,8:57,9:17,9:37,9:57,10:17,10:37,10:57,11:17,11:37,11:57,12:17,12:37,12:57,13:17,13:37,13:57,14:17,14:37,14:57,15:17,15:37,15:57,16:17,16:37,16:57,17:17,17:37,17:57,18:17,,18:37,,18:57,19:17,19:37,19:57,20:17,20:37,20:57,21:17,21:47,22:17,22:47,23:17,23:49,0:39
ã’ìdéuìx,6:39,7:00,7:20,,7:40,,8:00,,8:20,,8:40,,9:00,9:20,9:40,10:00,10:20,10:40,11:00,11:20,11:40,12:00,12:20,12:40,13:00,13:20,13:40,14:00,14:20,14:40,15:00,15:20,15:40,16:00,16:20,16:40,17:00,17:20,17:40,18:00,18:20,,18:40,,19:00,19:20,19:40,20:00,20:20,20:40,21:00,21:20,21:50,22:20,22:50,23:19,23:52,0:42
